"employee_id","first_name","last_name","birt_date","hire_date","gender","department_id","education_id"
1,"Ignazio","Wharby","1994-11-25","2022-08-29","Female",1,4
2,"Oralla","Minnette","1999-09-30","2024-02-05","Male",6,3
3,"Uriah","Plowell","1994-02-24","2022-03-09","Male",7,1
4,"Jecho","Laraway","1991-04-29","2022-07-14","Male",6,5
5,"Nettle","Kindleysides","1992-10-12","2023-07-27","Male",8,1
6,"Emmie","Simper","1995-10-10","2023-12-18","Male",4,5
7,"Annamaria","Camden","1998-06-22","2023-02-03","Male",7,4
8,"Hashim","Raper","1997-01-05","2022-03-20","Female",3,4
9,"Ezequiel","Speedy","1996-11-27","2023-06-23","Male",10,1
10,"Bernard","Whatsize","1994-04-25","2023-09-14","Male",6,5
11,"Neils","Boland","1992-04-11","2022-06-08","Male",2,3
12,"Rudiger","Warlow","1999-11-19","2022-09-17","Male",8,1
13,"Allistir","Byron","1995-08-10","2023-08-14","Female",7,4
14,"Paquito","Naisey","1998-08-17","2023-12-05","Male",3,3
15,"Winne","Melloi","1999-05-16","2023-09-28","Male",6,4
16,"Tamas","Alkins","1995-10-29","2022-11-28","Male",6,1
17,"Milt","Fant","1992-08-22","2023-02-27","Male",8,4
18,"Allene","Crofts","1999-07-06","2023-11-29","Male",5,4
19,"Aldo","Riseam","1998-06-03","2023-12-08","Male",1,4
20,"Jarrod","Janouch","1996-06-04","2023-11-15","Male",7,3
21,"Hillery","Parris","1992-02-26","2022-11-14","Male",2,4
22,"Corney","Isakovitch","1991-01-26","2023-07-21","Male",2,4
23,"Cheslie","Skures","1994-11-23","2022-07-03","Male",2,4
24,"Carlin","Burnip","1994-06-08","2022-05-15","Female",5,5
25,"Brnaba","Vignal","1992-04-15","2022-11-24","Male",5,4
26,"Buffy","Hinz","1997-05-12","2022-06-06","Male",7,2
27,"Cary","Glasner","1995-05-09","2022-10-01","Female",1,3
28,"Carlie","Cuppitt","1999-06-09","2022-05-29","Female",5,3
29,"Martica","Alwen","1995-02-08","2023-11-08","Male",7,1
30,"Keeley","Petronis","1999-04-25","2023-02-12","Male",9,5
31,"Analise","Parradice","1997-01-09","2022-06-13","Male",5,5
32,"Ax","Monnelly","1995-07-20","2024-01-05","Female",3,3
33,"Torin","Newling","1991-04-24","2022-09-17","Male",3,3
34,"Marj","Verissimo","1996-03-24","2023-05-03","Male",8,2
35,"Lorettalorna","Haycraft","1994-02-21","2023-12-01","Male",9,4
36,"Loraine","Houten","1996-05-01","2022-05-16","Male",2,2
37,"Dallon","McGraffin","1991-11-28","2023-05-10","Male",7,5
38,"Lyon","Sansome","1994-11-19","2023-02-14","Female",7,1
39,"Katharine","Verling","1999-07-11","2022-10-27","Female",8,1
40,"Antony","Everal","1998-01-25","2023-10-09","Male",8,3
41,"Jacquenetta","Phillpotts","1996-04-21","2022-08-23","Male",3,2
42,"Ansell","Veljes","1992-08-17","2024-01-14","Male",4,3
43,"Lynn","Langworthy","1998-04-28","2022-06-04","Female",2,1
44,"Therine","Belvin","1996-07-01","2023-02-08","Male",5,5
45,"Jerri","Cholton","1994-03-19","2023-02-27","Male",9,2
46,"Wilton","Wornum","1998-03-05","2022-05-03","Male",10,4
47,"Way","Walbridge","1990-12-07","2022-12-26","Female",3,5
48,"Babb","Treweela","1998-01-13","2023-05-12","Male",8,2
49,"Rand","Gianninotti","1994-11-20","2023-11-15","Male",10,2
50,"Nollie","Twigger","1998-12-30","2022-10-28","Male",1,1
51,"Caty","Loukes","1996-05-04","2022-04-21","Male",1,3
52,"Aluino","Wray","1992-04-06","2024-01-02","Female",10,5
53,"Bord","Gooley","1997-04-24","2022-09-17","Female",4,2
54,"Jessica","Barszczewski","1994-08-22","2023-07-27","Male",9,4
55,"Maribel","Caldecourt","1998-11-04","2022-03-03","Male",7,5
56,"Angela","Chipp","1991-01-01","2022-08-04","Male",8,4
57,"Paxon","Southerill","1991-08-09","2022-12-04","Male",2,3
58,"Ajay","Bank","1992-04-24","2023-03-19","Male",10,4
59,"Isaac","Elwell","1995-03-31","2024-01-23","Male",8,5
60,"Sergei","Ricardon","1990-07-24","2023-03-26","Male",6,5
61,"Michaeline","Quinsee","1996-08-15","2022-05-29","Male",7,2
62,"Humfried","Courson","1991-12-21","2022-12-28","Male",6,2
63,"Amby","Chatel","1997-02-28","2022-07-24","Male",9,1
64,"Vidovic","Shadrach","1991-05-04","2023-03-01","Male",7,2
65,"Karlen","Blount","1991-01-27","2022-11-21","Male",8,4
66,"Gage","Siemianowicz","1990-08-15","2023-08-28","Male",2,5
67,"Teddi","Nerne","1992-06-15","2023-02-22","Male",8,1
68,"Poppy","Farrimond","1996-11-21","2022-11-03","Male",2,3
69,"Leland","Millins","1990-09-12","2023-12-23","Male",10,5
70,"Daryl","Sympson","1993-01-05","2023-08-26","Male",3,1
71,"Caterina","Itzcak","1991-06-08","2022-04-24","Male",2,1
72,"Dionisio","Aggiss","1993-08-05","2024-02-02","Male",3,3
73,"Darya","Jarvis","1992-08-25","2022-05-12","Female",10,1
74,"Timofei","Been","1999-02-12","2022-07-03","Male",10,1
75,"Yorke","Mudd","1991-06-13","2022-03-11","Male",5,4
76,"Sibyl","Garken","1998-08-25","2024-01-18","Male",9,5
77,"Felicity","Belcham","1993-08-31","2022-02-20","Male",5,1
78,"Betty","Ancell","1991-11-14","2023-06-19","Female",8,5
79,"Marti","Krystek","1999-06-10","2023-08-13","Male",1,2
80,"Sarine","McBrearty","1998-04-19","2024-01-10","Male",5,4
81,"Humfrid","Rowland","1995-01-07","2023-01-03","Male",4,1
82,"Frederik","Rolstone","1991-04-15","2022-06-11","Male",6,2
83,"Dacy","Duchatel","1996-11-12","2022-07-08","Male",7,2
84,"Tildy","Hatje","1996-03-08","2022-10-07","Male",1,2
85,"Dorette","Crandon","1991-12-12","2023-03-27","Female",8,3
86,"Gianna","Ginnaly","1998-11-16","2022-03-11","Female",9,2
87,"Sibby","Pautard","1995-12-31","2023-01-13","Male",6,5
88,"Glen","Blaw","1997-01-22","2023-10-21","Male",2,5
89,"Alisun","Jeffs","1997-10-08","2022-06-16","Male",1,1
90,"Fay","Brimmicombe","1998-11-10","2023-09-22","Male",10,3
91,"Emmie","Sheppard","1994-06-12","2022-12-17","Male",1,2
92,"Filbert","Corradetti","1998-11-10","2022-09-08","Male",5,5
93,"Margarethe","Himsworth","1991-04-24","2022-06-02","Male",5,5
94,"Christiana","Abrahamsen","1992-05-24","2022-07-21","Male",8,2
95,"Ringo","Lushey","1992-11-11","2023-08-24","Male",3,2
96,"Ron","Thackray","1995-03-09","2022-08-05","Male",3,5
97,"Shina","Tease","1993-04-08","2022-02-22","Female",7,3
98,"Genvieve","Skaife","1991-12-19","2022-11-14","Male",1,4
99,"Juli","Morriarty","1995-08-01","2022-04-26","Male",6,2
100,"Gayleen","Spenley","1993-01-17","2023-01-13","Female",7,3
101,"Norby","Lalevee","1999-02-14","2022-12-18","Male",9,3
102,"Aigneis","Colleran","1996-01-07","2023-07-05","Female",6,2
103,"Panchito","Cucinotta","1994-12-01","2023-08-31","Female",5,1
104,"Christian","Buggs","1997-07-09","2023-12-30","Male",9,1
105,"Wake","Roelofs","1990-07-04","2023-08-04","Female",1,3
106,"Mufinella","Cullagh","1990-12-11","2022-08-13","Female",9,3
107,"Finley","Hoogendorp","1997-12-04","2024-01-10","Male",4,4
108,"Bette","Limerick","1992-03-27","2023-01-29","Male",9,2
109,"Brent","Tapin","1995-05-11","2023-05-05","Female",3,4
110,"Allyson","Petrasso","1995-03-20","2022-08-07","Female",6,5
111,"Mallorie","Hort","1996-11-28","2022-07-08","Male",4,1
112,"Tiphani","Klass","1991-06-16","2022-04-05","Male",6,3
113,"Murvyn","Smorthit","1992-04-01","2022-02-13","Male",10,1
114,"Meghann","Cypler","1992-12-16","2022-07-24","Male",10,2
115,"Garland","Charlin","1992-01-17","2022-04-17","Male",3,3
116,"Karolina","Chevalier","1996-04-17","2022-10-04","Female",10,4
117,"Velma","Clohisey","1999-11-28","2022-08-10","Male",4,4
118,"Corri","Skehens","1997-02-03","2022-03-01","Male",7,5
119,"Gilli","Romanelli","1994-02-01","2023-11-09","Female",4,5
120,"Fanny","Moubray","1992-12-25","2022-05-26","Female",6,4
121,"Garrot","Paxforde","1994-10-16","2022-07-06","Male",8,2
122,"Jacquie","Tosdevin","1990-11-23","2023-06-01","Male",7,5
123,"Bernadette","Eakley","1990-08-24","2022-07-01","Male",2,4
124,"Ganny","Hargrave","1993-04-23","2023-01-09","Female",6,2
125,"Cornelle","McNea","1999-03-09","2024-01-22","Female",10,2
126,"Willamina","Marson","1998-03-10","2022-11-27","Male",7,5
127,"Torrance","Wrigglesworth","1991-07-22","2022-10-02","Male",6,3
128,"Christopher","Gotling","1999-05-03","2022-02-11","Male",10,2
129,"Sherlock","Challender","1991-09-24","2023-10-16","Male",4,2
130,"Dilly","Whelpton","1992-01-01","2022-11-16","Male",10,2
131,"Gray","Kitchenside","1998-11-30","2023-11-23","Male",6,3
132,"Fayth","Monard","1998-12-20","2023-07-14","Male",8,1
133,"Kippy","Gingell","1991-12-17","2024-01-25","Male",2,5
134,"Johannah","Jeffry","1992-08-04","2023-02-24","Female",7,4
135,"Pernell","Heighway","1998-09-10","2022-02-18","Male",1,4
136,"Antonino","Hymer","1997-11-07","2023-01-17","Female",6,4
137,"Stevana","Blaker","1992-08-12","2022-06-04","Male",7,1
138,"Tiffany","Ommanney","1997-03-13","2022-05-06","Male",7,3
139,"Pasquale","Fishlee","1994-06-22","2022-06-17","Female",2,4
140,"Kora","Butterfint","1997-05-12","2023-02-06","Female",7,4
141,"Nicky","Utteridge","1996-10-01","2022-08-26","Male",1,4
142,"Wenda","Simoens","1995-07-29","2023-10-14","Male",10,3
143,"Chere","Ashman","1990-12-13","2023-08-03","Male",9,2
144,"Hube","Orthmann","1991-09-29","2023-03-13","Male",3,4
145,"Angelita","Pawelek","1993-06-26","2023-10-07","Male",3,3
146,"Delphinia","Hanhard","1999-03-24","2022-04-09","Male",4,2
147,"Kelwin","Garcia","1992-05-30","2023-05-16","Male",4,2
148,"Welch","Dellenbrok","1999-06-24","2022-07-23","Male",1,2
149,"Leodora","Kingsly","1996-03-17","2022-04-17","Male",3,2
150,"Tris","Brazener","1997-12-29","2022-08-20","Female",7,2
151,"Xylia","Thornbarrow","1996-08-06","2022-11-27","Female",5,2
152,"Allegra","Lydall","1994-01-04","2022-03-10","Male",7,3
153,"Myrtia","Arthan","1993-01-17","2024-01-01","Male",6,2
154,"Sonny","Stading","1998-02-20","2024-01-27","Male",8,1
155,"Catherina","Mc Trusty","1993-04-19","2023-06-05","Male",7,1
156,"Loy","Burnyeat","1991-11-11","2022-09-18","Male",7,3
157,"Amalita","Danzelman","1994-11-19","2023-11-29","Female",2,1
158,"Dwain","Lardner","1995-09-16","2023-12-19","Male",6,3
159,"Fianna","Hunston","1996-10-05","2022-12-23","Male",8,5
160,"Darcie","Megahey","1998-06-23","2022-02-13","Female",7,4
161,"Eileen","Lamplugh","1998-12-01","2022-05-09","Male",2,5
162,"Iolande","MacFall","1993-04-20","2022-12-05","Male",4,1
163,"Katleen","Bygraves","1993-03-10","2023-06-18","Male",3,5
164,"Yvonne","Spillman","1996-08-17","2023-04-02","Male",2,4
165,"Bran","Corstorphine","1998-05-01","2023-07-24","Male",7,1
166,"Aileen","Cuddy","1994-05-10","2023-06-16","Male",9,4
167,"Chev","Warman","1995-05-31","2022-07-29","Male",5,4
168,"Thornie","Jindacek","1990-03-07","2022-07-12","Male",7,2
169,"Maritsa","Juanes","1993-06-22","2023-09-22","Male",9,1
170,"Abramo","Burnhard","1992-06-24","2023-10-13","Male",7,3
171,"Reta","Farlambe","1992-03-15","2022-04-26","Male",4,1
172,"Gillan","Manvelle","1990-07-10","2022-03-22","Male",8,3
173,"Nathalie","Conaghy","1992-03-28","2023-05-10","Male",9,1
174,"Claus","Louis","1991-03-31","2023-04-20","Male",3,3
175,"Heriberto","Ledwitch","1999-02-05","2023-10-23","Male",2,4
176,"Levon","Triner","1994-09-22","2023-07-29","Female",10,1
177,"Maudie","Merrington","1999-04-24","2022-04-24","Male",10,5
178,"Betteanne","Bernetti","1990-12-06","2023-12-09","Female",1,2
179,"Nessi","Rodmell","1998-03-03","2023-04-06","Female",8,1
180,"Lorne","Cuttin","1994-03-14","2022-11-09","Male",5,3
181,"Lenka","M'Quharg","1999-07-02","2023-06-14","Male",6,3
182,"Jaime","Wix","1992-09-11","2022-02-12","Male",1,3
183,"Cammy","Dahlberg","1991-03-22","2023-01-26","Male",1,1
184,"Eddi","Bott","1997-10-16","2022-05-01","Male",5,5
185,"Ofilia","Duferie","1991-01-13","2023-03-05","Female",3,1
186,"Christie","Petett","1995-07-03","2022-06-01","Female",4,4
187,"Jazmin","Mackiewicz","1999-10-23","2022-09-22","Male",6,5
188,"Gayle","Overell","1996-05-13","2022-05-10","Male",6,3
189,"Thomasin","Townson","1992-08-24","2023-12-27","Male",10,5
190,"Adolf","Arnau","1993-12-12","2022-08-26","Male",4,5
191,"Albert","Duncan","1997-03-07","2023-07-14","Male",9,5
192,"Miquela","Drewry","1998-07-19","2023-08-13","Male",3,4
193,"Filbert","Danilovic","1990-07-16","2023-05-14","Male",8,5
194,"Cathrin","Clarae","1993-05-25","2022-06-01","Female",6,4
195,"Kelila","Lampett","1994-07-17","2023-12-17","Male",9,3
196,"Lombard","Gian","1991-05-30","2022-10-19","Male",8,3
197,"Marylinda","Mehaffey","1998-09-01","2023-01-28","Female",9,3
198,"Melisse","Goney","1993-11-13","2022-03-28","Female",7,1
199,"Sheila","Cavy","1999-08-16","2022-11-23","Male",6,3
200,"Morlee","McWaters","1994-07-13","2024-01-25","Male",9,3
201,"Tye","Berthel","1992-06-13","2023-05-30","Male",6,2
202,"Aloise","Dearle-Palser","1993-12-18","2022-07-03","Male",10,1
203,"Tara","Blucher","1997-10-08","2022-06-07","Male",9,2
204,"Therine","Abrahamsohn","1990-11-20","2022-08-08","Male",4,5
205,"Anjanette","Beggini","1991-07-06","2024-01-09","Male",8,2
206,"Filippa","Todarello","1999-03-30","2022-07-22","Male",4,5
207,"Gerome","Icke","1991-01-28","2022-07-27","Male",8,5
208,"Phillis","Peddel","1991-07-21","2023-08-02","Female",9,2
209,"Simonne","Guesford","1990-08-12","2022-03-22","Male",8,4
210,"Sisile","Tabourier","1996-05-06","2022-02-10","Female",2,4
211,"Napoleon","Cromarty","1995-04-29","2022-04-26","Male",6,3
212,"Isac","Vaudrey","1998-03-22","2023-10-15","Male",9,3
213,"Cullin","Holdron","1998-06-06","2024-01-29","Male",2,5
214,"Isobel","Chandler","1997-09-23","2022-03-24","Female",7,3
215,"Joseito","Ayling","1995-07-24","2023-09-05","Male",2,2
216,"Lyssa","Gaveltone","1997-09-23","2023-10-31","Male",10,4
217,"Bailey","Stevings","1997-01-14","2023-02-12","Male",4,1
218,"Lorenzo","Iacobucci","1993-07-10","2022-08-01","Male",9,5
219,"Joelly","Dunridge","1995-01-16","2023-11-25","Male",9,3
220,"Byrle","Sutheran","1997-08-29","2023-09-16","Male",4,1
221,"Ty","Maxstead","1992-01-26","2023-11-05","Female",3,2
222,"Yvor","Yanyshev","1991-09-15","2024-01-18","Male",2,5
223,"Stoddard","Deason","1991-05-23","2023-12-10","Female",7,5
224,"Shelbi","Ledington","1993-11-11","2023-05-19","Male",6,4
225,"Cheryl","Mary","1995-01-07","2023-01-24","Male",6,5
226,"Baxter","Larne","1998-01-23","2022-03-03","Male",9,5
227,"Boyce","Huyche","1994-04-24","2022-10-05","Male",3,2
228,"Cinnamon","Goare","1992-12-29","2023-10-13","Male",6,1
229,"Georges","McMichael","1992-02-13","2023-02-23","Male",6,4
230,"Carolina","Quakley","1998-11-21","2023-04-28","Male",2,2
231,"Cornela","Marquiss","1999-12-04","2022-07-14","Male",5,3
232,"Dominique","Graser","1993-09-29","2023-08-30","Female",7,4
233,"Stavros","Bogays","1995-04-11","2022-08-31","Female",8,3
234,"Leonard","De Michetti","1996-07-10","2022-02-16","Male",4,5
235,"Cordi","Sakins","1993-02-04","2022-02-24","Male",5,5
236,"Barris","Walne","1997-08-10","2022-07-06","Female",5,2
237,"Griffin","Birwhistle","1991-11-04","2023-09-28","Male",5,5
238,"Alessandro","Jellybrand","1992-02-21","2022-11-03","Male",1,1
239,"Lenee","Goney","1994-09-27","2024-02-09","Male",9,5
240,"Feodora","Claiden","1992-09-20","2022-04-28","Male",4,1
241,"Waldo","Staining","1991-06-20","2024-01-25","Male",5,3
242,"Ingmar","Benadette","1995-04-30","2022-03-25","Male",6,1
243,"Antonius","Lyes","1995-09-21","2022-04-21","Female",7,2
244,"Othelia","Rummin","1997-03-05","2023-08-24","Male",1,4
245,"Lynnea","Feehan","1992-05-14","2022-09-14","Male",2,3
246,"Arielle","Mobberley","1994-10-18","2023-02-09","Male",4,2
247,"Othello","Gooch","1993-02-28","2024-01-26","Male",3,3
248,"Jacinthe","Farrall","1994-02-28","2023-12-15","Male",7,4
249,"Petronilla","Volks","1993-05-29","2023-03-16","Male",7,2
250,"Damara","Carrington","1992-01-23","2022-06-16","Male",8,2
251,"Worth","Shortt","1995-07-31","2023-05-16","Female",1,1
252,"Brnaby","Binfield","1996-05-31","2023-12-29","Male",8,1
253,"Shellie","Ricards","1999-08-30","2023-11-12","Male",8,1
254,"Tomasina","Goodlett","1995-06-29","2022-08-13","Male",2,1
255,"Thor","Belderfield","1992-12-09","2023-05-25","Male",4,1
256,"Adolpho","Tombleson","1992-07-28","2022-12-21","Male",5,1
257,"Worthy","Thay","1995-10-30","2022-02-12","Male",4,3
258,"Tiffie","Cake","1995-09-05","2022-09-16","Male",8,3
259,"Ada","Grewer","1992-09-14","2023-08-12","Female",5,5
260,"Brynne","Ducker","1995-10-24","2022-10-08","Female",1,3
261,"Bertie","McKeurtan","1997-08-25","2023-05-17","Male",8,5
262,"Normie","Ainslee","1996-11-01","2022-09-29","Male",3,2
263,"Silas","Farrance","1991-03-28","2023-06-23","Male",1,4
264,"Corabel","Jills","2000-01-27","2022-07-21","Male",4,3
265,"Heddi","Cockle","1993-12-15","2023-03-15","Male",2,3
266,"Ursola","Blay","1995-12-19","2022-05-15","Male",10,5
267,"Trefor","Georgot","1997-03-31","2022-07-20","Male",9,1
268,"Marilee","Grinsted","1999-04-08","2022-05-10","Male",5,2
269,"Krissy","Pellew","1997-10-08","2022-04-05","Male",7,2
270,"Rita","Patching","1998-02-06","2023-02-05","Male",7,1
271,"Hilliard","Fairnington","1998-09-08","2022-05-27","Male",7,5
272,"Elyse","Ivain","1995-08-06","2022-10-15","Male",8,4
273,"Colet","Stellino","1994-03-18","2023-04-24","Female",8,2
274,"Gratia","MacAllester","1993-08-15","2024-01-20","Female",4,3
275,"Bertrand","Bontine","1991-07-22","2023-06-18","Male",8,5
276,"Dacie","Gouthier","1990-11-07","2023-08-01","Female",9,3
277,"Alistair","Hexter","1993-11-29","2023-07-06","Male",5,1
278,"Freeland","Volonte","1998-03-01","2023-04-02","Male",3,4
279,"Yardley","Gorgler","1996-06-19","2022-04-04","Female",4,1
280,"Mara","Sheraton","1996-05-19","2022-02-25","Male",3,5
281,"Tarrah","McPhee","1997-08-26","2023-01-03","Male",8,2
282,"Oriana","Edgley","1995-12-30","2022-10-23","Male",10,2
283,"Natasha","Flaunders","1998-04-08","2022-12-27","Male",2,4
284,"Rosalyn","Dyble","1997-09-28","2023-12-25","Male",7,2
285,"Calvin","Vedyasov","1995-01-13","2023-01-02","Female",7,2
286,"Erwin","Huxton","1990-07-30","2023-06-14","Male",1,2
287,"Ariel","Hendrick","1996-07-27","2022-11-29","Male",8,5
288,"Trista","Wybrow","1991-08-30","2023-07-25","Female",9,3
289,"Sarena","Ethelston","1998-01-29","2022-11-18","Male",8,5
290,"Mariele","Tims","1991-05-24","2022-07-05","Male",5,2
291,"Coralyn","Graddon","1990-10-03","2023-01-01","Male",10,1
292,"Vittorio","Dowber","1993-01-10","2023-02-02","Female",3,2
293,"Gabriel","Dome","1996-05-04","2022-05-10","Male",6,5
294,"Tirrell","Hamshaw","1992-02-12","2023-07-23","Female",10,2
295,"Evelyn","Kilduff","1992-01-25","2022-10-15","Male",6,2
296,"Corney","Vannuccini","1998-01-28","2023-08-03","Male",6,3
297,"Lindy","Andrelli","1999-07-05","2022-09-04","Male",9,4
298,"Land","Farman","1990-07-15","2023-08-28","Female",3,4
299,"Lyndsay","Brunon","2000-01-30","2024-01-12","Male",3,2
300,"Baudoin","Brittoner","1992-10-23","2024-01-04","Male",7,2
301,"Derk","Pinnick","1994-02-17","2022-09-05","Male",9,3
302,"Leah","Rhubottom","1999-12-01","2022-03-17","Female",7,3
303,"Germayne","Anlay","1992-06-12","2022-05-29","Male",3,1
304,"Ariel","Hartzenberg","1999-11-15","2022-11-15","Male",1,5
305,"Stefan","Deakins","1999-02-18","2022-07-23","Male",5,5
306,"Izabel","Hoys","1990-06-14","2023-05-19","Male",9,4
307,"Katrina","Trethewey","1993-06-11","2023-07-15","Female",7,2
308,"Jaymee","Swyne","1990-06-22","2022-10-11","Male",3,2
309,"Mariam","Pattington","1997-05-09","2022-11-03","Male",3,3
310,"Selena","Shevels","1998-04-12","2024-02-02","Male",9,5
311,"Tally","Greenway","1999-11-23","2023-09-19","Male",9,3
312,"Darlleen","Dict","1997-05-21","2022-07-20","Male",8,3
313,"Min","Ickowicz","1995-05-10","2023-04-20","Male",8,2
314,"Tammi","Gisborne","1997-12-05","2023-12-30","Female",9,1
315,"Gideon","Callister","1996-02-27","2022-05-21","Female",1,3
316,"Celestyna","Braunds","1999-09-19","2023-10-13","Male",9,2
317,"Harald","MacCaffery","1995-05-23","2023-04-07","Female",6,4
318,"Lola","Spohrmann","1997-10-18","2023-03-13","Male",8,4
319,"Auguste","Loukes","1995-12-11","2023-07-19","Female",10,2
320,"Francisca","Mustard","1996-12-16","2022-10-20","Female",9,4
321,"Bertie","Hillan","1999-03-10","2023-08-21","Male",10,4
322,"Joachim","Girardez","1996-04-08","2022-02-25","Male",1,2
323,"Nil","McGuckin","1996-06-09","2022-06-05","Female",4,4
324,"Tiff","Abrashkin","1994-07-06","2022-06-28","Male",3,5
325,"Rosaleen","Choke","1993-01-21","2024-01-19","Male",1,5
326,"Sharl","Alcock","1996-03-05","2022-08-17","Female",5,5
327,"Windham","Meadmore","1990-12-07","2023-04-01","Male",5,4
328,"Marchelle","Koop","1995-11-22","2023-12-11","Male",10,3
329,"Ailina","Adamowitz","1991-09-16","2023-11-08","Male",5,3
330,"Brier","Sallan","1990-10-09","2023-01-11","Male",9,1
331,"Cornie","Bodell","1999-09-18","2022-11-30","Male",5,3
332,"Simona","Brockett","1991-07-14","2022-08-30","Female",3,2
333,"Phillida","Rittmeier","1998-06-26","2023-12-01","Male",6,1
334,"Lynea","Cursey","1990-05-16","2024-01-25","Male",9,1
335,"Cassey","McGaugey","1990-07-11","2022-12-28","Female",8,2
336,"Trish","Fardell","1992-02-29","2022-06-27","Male",7,5
337,"Ross","Geke","1999-09-15","2022-07-29","Male",8,3
338,"Chrystel","Bruggen","1997-12-13","2022-10-21","Male",6,5
339,"Raff","Woodberry","1994-06-13","2023-11-27","Male",5,3
340,"Malia","Worsall","1999-04-07","2023-08-02","Male",1,3
341,"Fae","Middleweek","1996-03-26","2023-06-28","Female",4,4
342,"Siegfried","Shrimplin","1998-12-24","2022-02-10","Female",5,5
343,"Tasha","Knuckles","1996-07-13","2022-08-03","Male",8,4
344,"Kenneth","Kondratenko","1996-05-09","2024-01-21","Female",5,3
345,"Maggie","Willoughby","1999-07-01","2022-06-29","Female",8,4
346,"Manuel","Elam","1996-06-20","2023-06-29","Male",5,3
347,"Hastie","Kerner","1997-05-21","2023-07-04","Female",2,1
348,"Marcelia","Lemmers","1995-10-17","2023-04-21","Male",3,1
349,"Gay","Pietrzak","1999-01-25","2023-05-03","Male",9,2
350,"Russ","Sherwill","1996-12-21","2023-11-19","Female",5,5
351,"Billy","Binnie","1990-12-17","2022-04-17","Male",7,1
352,"Latia","Klosges","1991-04-21","2023-08-05","Male",6,2
353,"Cristabel","Tussaine","1998-12-04","2023-12-04","Male",6,5
354,"Symon","Buncher","1994-08-29","2023-11-01","Male",10,3
355,"Brandie","Tellesson","1990-05-02","2023-06-12","Male",7,3
356,"Armando","Whyberd","1996-01-16","2023-08-22","Male",2,4
357,"Marice","Rumble","1994-02-09","2022-12-11","Male",6,3
358,"Gayler","Adami","1993-02-07","2022-11-05","Male",6,3
359,"Lorettalorna","Ladel","1991-05-22","2022-07-05","Male",9,4
360,"Teddy","ducarme","1992-10-07","2023-09-03","Male",3,5
361,"Kellie","Dunseath","1990-06-08","2023-01-20","Male",8,4
362,"Karlie","Bazelle","1991-11-07","2023-01-31","Male",2,5
363,"Emmit","Gascard","1999-04-24","2022-03-30","Female",5,4
364,"Gerty","Kern","1994-02-10","2023-06-18","Male",4,3
365,"Twyla","Sandeman","1997-03-05","2022-09-26","Male",1,4
366,"Bernardo","Cristofvao","1996-11-11","2022-11-06","Male",5,5
367,"Arnoldo","Vasishchev","1992-11-06","2023-06-05","Male",2,3
368,"Edgardo","MacAllan","1996-09-03","2022-12-12","Male",1,4
369,"Nicoli","Coggen","1994-05-21","2023-03-30","Male",9,3
370,"Vinita","Statersfield","1992-10-30","2023-09-24","Male",10,2
371,"Genvieve","Demcak","1990-04-30","2023-10-11","Male",5,4
372,"Benedicta","Mease","1999-09-30","2022-09-12","Male",4,4
373,"Broddy","Rossbrook","1990-06-22","2023-11-18","Male",1,3
374,"Rosana","Firks","1998-07-25","2022-09-22","Male",1,1
375,"Rayna","Layson","1992-10-11","2024-01-30","Male",8,2
376,"Jennine","Paddock","1992-08-29","2023-04-12","Male",1,4
377,"Colleen","Ruffle","1998-09-13","2023-02-10","Male",1,3
378,"Cosetta","Breissan","1994-12-12","2022-07-10","Male",6,3
379,"Theodore","Rijkeseis","1996-04-11","2022-05-03","Female",1,2
380,"Vassili","Springle","1990-06-24","2023-09-21","Male",10,3
381,"Liv","Wetherhead","1990-05-15","2022-04-29","Male",10,4
382,"Nichole","MacKeever","1995-01-04","2023-08-22","Male",3,1
383,"Gilberte","Edison","1996-04-16","2023-01-05","Male",3,1
384,"Pearle","Pretorius","1990-10-07","2022-12-16","Male",10,5
385,"Raimund","Ashingden","1990-07-10","2022-12-15","Female",9,4
386,"Emmerich","Kop","1999-10-29","2022-03-11","Male",6,3
387,"Sully","Measor","1995-12-13","2023-12-31","Female",6,2
388,"Isadore","Iddison","1993-01-16","2022-12-28","Male",1,4
389,"Sybila","Tuckett","1991-03-20","2023-02-04","Male",2,3
390,"Glynis","Meric","1995-02-02","2023-10-09","Male",8,1
391,"Elita","Pattesall","1990-07-02","2023-01-21","Male",7,3
392,"Caro","Cauldfield","1993-01-09","2023-10-25","Male",5,4
393,"Modesta","Clever","1993-08-09","2023-08-29","Male",7,4
394,"Mahmud","Hixley","1993-03-12","2022-05-29","Male",2,1
395,"Natalina","Bidgod","1990-06-01","2024-01-30","Male",7,4
396,"Friederike","Danielkiewicz","1996-11-07","2023-01-09","Male",7,2
397,"Edlin","Youell","1992-02-28","2023-01-03","Female",2,5
398,"Zelma","Szabo","1992-09-04","2023-02-22","Male",1,5
399,"Joelynn","Battison","1993-02-02","2024-01-01","Male",10,3
400,"Jacinthe","Rablen","1997-07-07","2022-11-11","Female",2,1
401,"Herta","Wyss","1990-11-14","2023-05-07","Male",9,3
402,"Gerty","Whittle","1992-12-04","2024-02-09","Female",9,1
403,"Rawley","Stinson","1992-12-07","2024-01-27","Male",6,1
404,"Loleta","Flemming","1993-02-26","2022-11-15","Male",6,4
405,"Maynord","Morman","1990-10-07","2023-06-07","Male",1,4
406,"Brandie","Binford","1995-05-31","2022-09-30","Female",1,1
407,"Jarred","Dunkerly","1996-08-12","2022-07-24","Male",8,2
408,"Xenia","Chapell","1995-10-13","2023-09-02","Female",10,3
409,"Grayce","Varey","1994-10-08","2022-03-12","Male",1,5
410,"Amby","Epgrave","1990-06-09","2023-02-05","Female",4,4
411,"Manny","Amy","1992-01-13","2023-11-16","Male",2,1
412,"Celle","Froschauer","1998-12-28","2022-03-17","Male",8,5
413,"Belita","Brownlea","1992-06-01","2024-01-12","Male",7,2
414,"Hubert","Broadwell","1999-03-27","2023-03-09","Male",8,2
415,"Joachim","Kuhnel","1995-12-25","2023-07-31","Male",7,4
416,"Iris","Yeomans","1999-11-23","2022-03-03","Male",10,4
417,"Hunt","Oakley","1994-04-21","2022-08-15","Female",9,5
418,"Nerte","Swallow","1996-05-28","2023-02-12","Male",6,1
419,"Kristin","Puddifer","1992-10-17","2022-10-23","Female",1,1
420,"Lorilee","Moloney","1997-12-12","2023-09-11","Male",2,3
421,"Charline","Nuccii","1999-01-26","2022-11-01","Female",3,4
422,"Giacinta","Braybrookes","1996-04-28","2023-11-21","Male",10,2
423,"Carlynne","Ruston","1997-11-12","2023-08-14","Male",3,5
424,"Agnesse","Craufurd","1992-03-03","2023-09-15","Male",3,1
425,"Karyn","Gask","1992-06-30","2023-03-26","Male",1,3
426,"Joleen","O'Moylan","1995-05-11","2022-09-20","Male",2,4
427,"Nolan","Lethbridge","1997-12-09","2022-10-18","Female",4,3
428,"Roi","Beacroft","1995-10-27","2023-02-24","Male",10,5
429,"Carmina","Moulin","1997-04-16","2023-09-18","Male",7,1
430,"Sim","Garlett","1991-07-18","2022-12-18","Male",3,1
431,"Leo","Quidenham","1993-12-01","2023-08-02","Male",3,1
432,"Daryl","Ingry","1997-06-22","2022-09-14","Female",10,5
433,"Whitney","Jocic","1992-11-05","2023-11-23","Female",9,4
434,"Lian","Iskow","1999-05-12","2023-09-05","Male",1,3
435,"Rozina","Dixey","1992-08-15","2023-07-08","Male",4,2
436,"Abram","Grimmer","1999-06-27","2022-12-30","Male",2,3
437,"Burnard","Fawdry","1992-08-25","2023-05-11","Male",9,5
438,"Marie","Barnfield","1999-06-01","2023-03-31","Female",1,3
439,"Jorey","Sherrott","1998-04-10","2023-09-23","Male",9,1
440,"Hedi","Toothill","1998-05-27","2024-01-23","Male",6,5
441,"Hetty","Oxenham","1991-12-25","2022-06-24","Male",5,3
442,"Timmi","Losseljong","1991-12-28","2023-11-25","Male",5,3
443,"Newton","Klee","1991-05-31","2023-11-12","Male",7,4
444,"Niel","Hubber","1992-11-25","2023-07-04","Male",8,4
445,"Meade","Scougal","1997-07-02","2023-10-17","Male",6,2
446,"Barnie","Tunny","1995-07-20","2022-06-21","Male",8,2
447,"Reade","Clem","1998-11-14","2022-12-18","Male",8,2
448,"Ivette","Gamell","1996-03-19","2022-12-28","Female",2,2
449,"Forest","Buttriss","1993-10-27","2022-09-08","Male",10,3
450,"Ailyn","Oneil","1998-12-03","2022-08-22","Male",6,5
451,"Clim","Mabbitt","1995-09-22","2023-05-13","Male",2,4
452,"Daryl","Boram","1999-06-07","2023-01-22","Male",10,1
453,"Huntlee","Hanmore","1992-10-31","2023-10-12","Male",5,3
454,"Arielle","Giotto","1995-11-15","2022-11-19","Female",10,2
455,"Lynde","Sturr","1992-02-29","2023-09-19","Male",9,3
456,"Luz","O'Roan","1990-04-18","2023-07-23","Female",6,1
457,"Donetta","Morilla","1994-04-15","2022-07-18","Male",6,2
458,"Winifred","Morford","1994-07-24","2022-11-11","Female",10,2
459,"Rayshell","Hulance","1990-12-08","2022-05-10","Male",9,2
460,"Catha","Schops","1991-04-13","2023-11-30","Female",4,4
461,"Bernhard","McFaell","1997-02-13","2022-06-01","Male",9,1
462,"Gallard","Neathway","1998-05-27","2023-04-23","Male",5,5
463,"Clarabelle","Askaw","1999-10-29","2023-07-18","Male",1,1
464,"Eba","Samuels","1996-06-16","2022-06-16","Male",10,2
465,"Alli","Toop","1990-10-06","2023-11-09","Male",9,1
466,"Torry","Braven","1993-10-18","2023-11-29","Male",5,4
467,"Emmaline","Bernette","1994-01-28","2023-09-15","Male",6,1
468,"Clarine","Parkyns","1991-08-31","2023-11-07","Male",2,1
469,"Lianna","Visco","1993-06-29","2022-06-01","Male",10,3
470,"Yvette","Pogue","1994-01-27","2022-11-06","Male",5,3
471,"Preston","Izaks","1990-10-27","2023-06-08","Male",9,1
472,"Chery","Francey","1997-01-21","2023-01-26","Male",6,5
473,"Ivy","Farloe","1997-07-04","2023-05-07","Male",5,1
474,"Zola","Gravie","1997-04-17","2022-12-04","Female",6,3
475,"Corella","Dougher","1996-08-25","2023-02-08","Male",5,3
476,"Brendin","Cowup","1994-09-03","2023-03-19","Male",9,4
477,"Philippa","Sam","1994-06-13","2022-07-12","Male",6,4
478,"Cross","Casoni","1993-02-21","2022-02-10","Male",8,2
479,"Lacie","Colloff","1990-12-12","2022-08-22","Male",2,2
480,"Karoline","Zmitruk","1995-02-01","2023-03-09","Male",3,1
481,"Eba","Skillington","1991-02-24","2023-07-13","Male",5,5
482,"Rosamond","Mault","1990-05-31","2023-07-19","Male",4,2
483,"Falito","Hadaway","1994-11-05","2023-04-13","Female",6,1
484,"Ofilia","Dowglass","1992-03-15","2023-07-24","Male",1,4
485,"Libbi","Cinnamond","2000-02-05","2022-11-20","Male",9,3
486,"Charlie","Andreasen","1997-12-21","2022-07-17","Female",6,2
487,"Mallorie","Guislin","1995-12-02","2023-09-09","Male",1,5
488,"Zora","Robertelli","1999-02-26","2022-08-04","Male",10,1
489,"Tammie","Ginnally","1998-04-01","2023-04-03","Female",9,5
490,"Dorise","Bacon","1991-02-16","2022-12-17","Male",3,3
491,"Inglebert","Sendley","1996-11-27","2022-06-18","Male",7,3
492,"Betti","Arnaudot","1992-08-17","2022-08-11","Male",5,2
493,"Paulita","Iori","1999-08-11","2022-06-23","Female",5,2
494,"Micky","Dowding","1992-01-20","2023-06-09","Female",2,2
495,"Priscilla","Casemore","1994-09-14","2022-03-28","Male",9,2
496,"Othelia","Sonley","1991-09-05","2023-07-04","Female",4,4
497,"Ezechiel","Simpson","1994-07-27","2022-09-07","Male",9,5
498,"Tiffi","McPike","1990-08-04","2023-08-23","Female",4,2
499,"Ralina","Niles","1997-12-05","2024-01-13","Male",3,5
500,"Steward","Graalman","1999-05-29","2022-06-03","Male",5,1
501,"Ludovico","Seabert","1994-10-24","2022-03-18","Male",6,5
502,"Quinlan","McManus","1996-04-02","2023-02-20","Female",8,3
503,"Lewiss","Gleasane","1999-07-28","2023-08-08","Male",6,3
504,"Verla","Wattins","1998-12-18","2023-05-13","Female",3,3
505,"Desmund","Penquet","1994-05-10","2023-02-01","Female",4,4
506,"Isaac","Sorrell","1995-11-11","2022-09-18","Male",3,2
507,"Birk","Nozzolinii","1995-07-28","2023-09-09","Male",7,5
508,"Sven","Cours","1992-08-30","2023-06-27","Male",1,1
509,"Mar","Foulstone","1995-07-02","2022-06-27","Female",5,3
510,"Windy","Bessent","1992-06-21","2022-06-08","Female",4,4
511,"Yuri","Brockie","1993-09-15","2023-02-11","Male",7,2
512,"Kin","Eastgate","1998-05-20","2022-11-05","Male",6,4
513,"Andra","Rickcord","1991-10-16","2022-10-16","Female",9,4
514,"Rica","Tapsell","1991-04-24","2022-04-30","Male",3,4
515,"Elaine","Latek","1993-01-17","2022-03-19","Female",3,4
516,"Cleavland","Halgarth","1995-04-30","2022-08-09","Male",7,3
517,"Maure","Ikringill","1990-07-05","2022-10-28","Male",5,4
518,"Dona","Viel","1993-03-28","2023-12-05","Male",7,2
519,"Lyell","Easun","1992-03-07","2022-07-06","Male",2,4
520,"Brear","Papachristophorou","1997-05-12","2022-04-08","Male",4,4
521,"Margi","des Remedios","1995-11-08","2022-05-22","Female",9,2
522,"Yasmin","Agates","1992-10-05","2023-07-04","Female",8,2
523,"Lorna","MacKereth","1994-06-10","2022-03-06","Male",8,5
524,"Petra","Crolly","1997-08-08","2024-02-02","Male",1,1
525,"Fulton","Durham","1997-11-05","2023-01-29","Female",2,2
526,"Bryon","Cambling","1997-10-31","2022-06-22","Male",6,5
527,"Laney","Pettwood","1995-02-27","2023-05-30","Female",2,1
528,"Marven","Grigoli","1991-03-23","2023-12-17","Female",9,2
529,"Danny","Mangon","1992-11-01","2023-11-03","Male",7,3
530,"Gus","McKeevers","1996-01-07","2023-10-07","Male",10,1
531,"Gayle","Stiggers","1991-11-04","2023-04-06","Male",2,3
532,"Cherry","Puckrin","1996-09-26","2023-04-04","Female",3,2
533,"Bradly","Galland","1998-10-02","2023-01-23","Male",9,5
534,"Sharlene","Paynes","1998-12-23","2023-10-05","Male",6,2
535,"Dominique","McIlwrick","1990-10-09","2023-07-08","Male",2,1
536,"Zuzana","Emlin","1996-03-13","2022-07-16","Female",1,5
537,"Zsa zsa","Dennington","1993-12-08","2022-04-02","Female",5,5
538,"Renaldo","Whitefoot","1995-03-02","2023-11-30","Male",2,5
539,"Rafi","Pepi","1994-07-27","2022-12-29","Male",6,4
540,"Alida","Mabbott","1995-10-16","2024-02-03","Male",7,2
541,"Ruthanne","Crookston","1990-05-24","2024-01-05","Female",10,5
542,"Flossy","Phinn","1991-09-17","2023-01-03","Male",8,4
543,"Kissie","Cahey","1994-01-01","2022-03-06","Female",7,2
544,"Thacher","Faltin","1990-06-17","2022-05-04","Male",7,2
545,"Pail","Ison","1997-04-08","2023-12-11","Female",6,5
546,"Anstice","Shillan","1991-10-07","2023-06-09","Male",6,2
547,"Jodi","Illes","1994-12-01","2023-03-08","Male",8,1
548,"Michel","Klemmt","1993-09-23","2023-04-14","Male",1,2
549,"Philbert","Cattonnet","1996-09-22","2023-06-14","Male",9,2
550,"Elnore","Sexstone","1998-10-11","2023-10-07","Male",9,2
551,"Pernell","Asser","1994-08-13","2023-11-02","Male",8,4
552,"Cully","Burdfield","1999-03-05","2022-06-09","Male",9,4
553,"Tiphanie","Blewitt","1999-11-30","2022-03-02","Male",7,4
554,"Erich","Jacke","1994-10-07","2023-12-21","Male",8,2
555,"Myrtice","Vondrys","1995-05-05","2022-08-20","Male",8,3
556,"Loutitia","Alessandone","1998-02-09","2022-09-28","Male",3,1
557,"Astra","Simenot","1990-11-13","2024-01-24","Male",4,4
558,"Garey","Tinker","1998-07-04","2022-04-05","Female",5,5
559,"Jerrine","Gavey","1999-11-25","2022-06-01","Female",10,4
560,"Penelope","Bubear","1997-03-06","2023-06-11","Male",7,2
561,"Ann-marie","Coote","1998-10-11","2023-12-05","Male",8,3
562,"Myrwyn","Hustler","1990-09-24","2023-04-09","Female",6,3
563,"Claudie","Woof","1998-06-07","2024-01-28","Male",1,3
564,"Julius","Ritchard","1997-06-20","2023-02-27","Female",4,1
565,"Maggee","Finley","1998-01-19","2023-03-07","Male",6,5
566,"Cosetta","Burnham","1994-07-03","2023-11-05","Male",5,3
567,"Georgena","Ricold","1992-12-30","2023-03-13","Male",10,2
568,"Pamella","Harrald","1997-02-06","2023-03-21","Male",10,4
569,"Emelia","Beane","1990-10-20","2022-11-14","Male",10,2
570,"Vivian","Yearron","1994-09-05","2023-11-10","Male",2,3
571,"Carole","Lottrington","1990-07-25","2023-03-22","Male",6,4
572,"Prentiss","Cicconettii","1990-10-06","2022-12-01","Female",1,4
573,"Helene","Japp","1991-09-22","2023-08-10","Male",3,4
574,"Paolina","Ivanitsa","1992-11-12","2023-07-02","Female",6,5
575,"Cleveland","Bycraft","1995-05-13","2023-04-23","Male",4,1
576,"Othilia","Keneford","1997-05-24","2022-09-19","Male",8,4
577,"Judy","Peile","1993-09-24","2023-02-06","Male",5,3
578,"Jerald","Thiese","1997-05-28","2022-06-01","Male",7,4
579,"Seymour","Elby","1997-01-08","2022-04-16","Male",1,2
580,"Salomo","Libbey","1991-02-08","2023-07-12","Male",7,5
581,"Cilka","Pechacek","1990-05-19","2022-06-28","Female",3,3
582,"Itch","Shaxby","1995-06-27","2022-11-12","Male",8,5
583,"Hazel","Sandwick","1992-01-22","2022-03-18","Female",1,3
584,"Annemarie","Broxap","1993-11-21","2022-10-21","Female",1,4
585,"Melinda","Mushet","1994-08-11","2024-01-16","Female",1,3
586,"Royce","Coots","1998-09-26","2022-10-26","Male",9,1
587,"Benedetta","Paylie","1990-10-15","2023-09-30","Male",5,5
588,"Humberto","Mattheis","1990-09-14","2023-07-31","Male",6,5
589,"Reynolds","Ingrem","1992-08-11","2023-07-06","Male",4,4
590,"Drugi","Angrock","1997-05-17","2022-12-21","Female",5,1
591,"Laural","Doohan","1995-05-07","2023-12-15","Male",6,4
592,"Ruthy","Shatliffe","1995-02-24","2022-10-09","Male",4,2
593,"Kym","Branno","1993-01-04","2023-08-26","Male",6,2
594,"Angelita","Dumke","1994-03-23","2022-05-26","Female",1,2
595,"Ermentrude","Ashment","1994-03-05","2022-02-14","Male",4,1
596,"Blaine","Haker","1995-01-15","2022-07-17","Female",6,1
597,"Patricia","Spread","1993-01-02","2023-11-06","Male",5,4
598,"Ferdinand","O'Loughnan","1995-03-04","2022-03-07","Male",2,5
599,"Mella","Houlson","1998-04-15","2022-04-05","Male",10,2
600,"Anthiathia","Bortolazzi","1992-10-10","2023-12-14","Female",1,2
601,"Livia","Steketee","1992-10-25","2022-05-13","Female",10,1
602,"Allistir","Ostick","1990-03-25","2022-09-05","Male",8,5
603,"Broderic","Mattioni","1994-12-06","2023-07-01","Male",1,4
604,"Lorrayne","Canape","1996-06-08","2022-11-22","Male",8,2
605,"Matthaeus","Pharrow","1997-08-16","2022-08-10","Female",2,2
606,"Zoe","Fairlem","1999-02-20","2023-05-07","Male",7,4
607,"Chadwick","Cuskery","1994-07-08","2023-09-23","Male",10,2
608,"Babara","Frake","1990-11-29","2022-03-21","Male",4,1
609,"Letisha","Naismith","1994-12-20","2023-09-04","Male",4,2
610,"Charley","Boar","1993-01-13","2022-09-16","Male",6,1
611,"Andriette","Jelley","1998-09-16","2023-07-06","Female",2,1
612,"Gregg","Cush","1997-11-18","2024-01-05","Female",8,1
613,"Waverley","Culmer","1994-08-13","2023-09-23","Male",9,2
614,"Meggy","Helling","1999-11-15","2023-09-15","Male",10,1
615,"Jeanine","Brislen","1999-12-16","2023-04-03","Male",3,1
616,"Marybelle","Caudwell","1995-12-05","2023-11-15","Male",1,4
617,"Seymour","Gabler","1992-01-08","2022-12-25","Female",6,2
618,"Liam","Bart","1994-02-13","2023-12-23","Male",1,5
619,"Merl","Ganny","1995-12-27","2023-11-29","Male",7,3
620,"Franky","Angeau","1993-11-29","2022-12-27","Male",6,5
621,"Del","Loisi","1990-03-08","2023-12-13","Female",6,1
622,"Melvyn","Tampin","1990-05-26","2023-12-11","Male",4,1
623,"Reinwald","Knutsen","1999-12-14","2022-07-13","Male",2,3
624,"Stewart","Sulland","1997-04-21","2023-02-14","Female",8,2
625,"Gabriella","Wickenden","1991-04-06","2023-07-05","Male",6,4
626,"Rice","Evens","1996-04-13","2022-04-25","Male",1,3
627,"Hedvig","Jessel","1990-06-17","2023-06-24","Female",6,2
628,"Dedra","Pledger","1998-09-26","2023-02-04","Male",8,2
629,"Moishe","Larchiere","1996-04-04","2022-12-31","Male",8,1
630,"Cullin","Tamblingson","1995-01-15","2022-11-07","Female",3,3
631,"Esmaria","Ellison","1998-12-29","2023-11-09","Male",1,5
632,"Elisha","Frostdick","1990-07-03","2022-03-23","Female",2,4
633,"Brennan","Cottham","1995-07-05","2023-04-16","Male",4,5
634,"Yank","Keeltagh","1993-06-29","2023-05-28","Male",5,4
635,"Jasper","Gravenall","1999-02-24","2022-02-28","Male",6,3
636,"Prentiss","Unwins","1999-03-28","2023-09-28","Male",3,3
637,"Eric","Heyburn","2000-02-09","2022-12-17","Male",2,1
638,"Bentley","Shrieves","1997-07-06","2023-11-07","Male",7,2
639,"Orin","Deaves","1995-04-27","2022-11-21","Male",7,5
640,"Loleta","Eglin","1996-11-28","2023-03-24","Male",9,4
641,"Randolph","Iceton","1993-09-22","2023-01-09","Male",6,5
642,"Fanny","Wood","1998-02-26","2023-09-24","Female",3,1
643,"Page","Canton","1998-08-15","2023-03-03","Female",5,4
644,"Ludovika","Pyser","1990-12-28","2023-06-22","Male",2,3
645,"Korrie","Renac","1993-05-08","2023-02-02","Male",5,2
646,"Alidia","Gaiter","1998-02-07","2022-06-17","Male",6,2
647,"Gerty","Whyberd","1994-07-18","2024-01-19","Male",3,5
648,"Pippo","Meighan","1990-02-19","2022-02-13","Female",6,4
649,"Kirsten","Bolliver","1995-04-06","2024-01-12","Female",10,5
650,"Alvina","Lathwell","1999-03-02","2022-09-19","Male",10,5
651,"Ichabod","Algeo","1999-04-03","2023-03-15","Female",9,2
652,"Arlen","Hempel","1999-01-26","2023-04-04","Male",6,2
653,"Maurene","Renault","1992-07-11","2022-12-16","Female",7,3
654,"Sayer","Wilkowski","1994-10-08","2023-11-01","Female",2,2
655,"Aurlie","Esh","1999-07-13","2023-04-21","Female",5,2
656,"Corabelle","Dunkerton","1994-10-07","2023-04-28","Male",2,1
657,"Claudian","Guilloton","2000-01-12","2022-10-28","Male",4,4
658,"Tracy","Crimes","1993-11-13","2024-01-25","Male",5,5
659,"Gerri","McIlmorie","1994-10-28","2023-04-05","Male",7,3
660,"Cointon","Belchamp","1994-05-16","2022-03-01","Male",5,2
661,"Dore","MacShirrie","1991-12-09","2023-06-09","Male",1,3
662,"Tabb","Heskey","1992-07-12","2023-05-13","Male",7,4
663,"Babs","Ashplant","1998-02-06","2023-12-10","Male",1,2
664,"Malinda","Mableson","1991-01-26","2023-01-20","Male",8,4
665,"Dimitry","Pie","1996-10-13","2023-04-07","Male",9,3
666,"Papagena","Corcoran","1999-06-12","2022-08-10","Male",5,5
667,"Kleon","Stanaway","1997-09-15","2023-04-27","Male",9,3
668,"Selinda","Cuerdale","1998-11-02","2022-06-03","Male",2,2
669,"Reiko","Hembry","1992-11-19","2022-12-26","Male",1,3
670,"Daron","Shenfish","1998-03-09","2024-01-08","Male",9,3
671,"Brig","Robathon","1999-03-12","2022-05-07","Female",6,2
672,"Sileas","Bittleson","1996-06-05","2023-10-01","Female",10,5
673,"Nico","Moncreiff","1998-06-11","2023-12-26","Male",1,3
674,"Birgitta","Feaks","1994-03-13","2023-06-21","Male",2,4
675,"Idaline","Simmon","1998-07-14","2023-07-23","Male",6,5
676,"Helene","Sissland","1993-07-08","2022-08-17","Male",10,2
677,"Lilith","Grigolli","1996-04-09","2024-01-07","Female",10,3
678,"Madalena","Gourdon","1993-08-19","2023-12-20","Male",10,2
679,"Bonita","Gard","1995-10-30","2022-05-08","Male",2,1
680,"Baily","Massot","1991-08-24","2023-02-04","Female",8,1
681,"Christophe","Turbern","1991-08-05","2023-02-25","Male",6,3
682,"Berkly","Hedges","1991-02-12","2023-09-07","Female",4,3
683,"Peria","Deare","1998-04-26","2023-10-27","Male",2,2
684,"Nichole","Bigley","1990-03-16","2023-10-28","Female",5,4
685,"Brianna","Talby","1991-12-16","2022-05-01","Male",4,4
686,"Rhody","Leggen","1996-04-05","2023-03-22","Male",9,5
687,"Gill","Munn","1999-02-20","2022-03-17","Male",2,3
688,"Cherri","Wulfinger","1993-01-27","2022-03-03","Male",9,1
689,"Rori","MacDonough","1997-04-06","2023-02-08","Male",9,4
690,"Jules","MacAlroy","1991-06-29","2023-10-15","Male",1,1
691,"Vinny","Constantine","1993-06-18","2023-12-09","Male",9,3
692,"Novelia","Grishanov","1998-05-26","2023-09-20","Male",2,1
693,"Auberta","de Leon","1993-02-03","2023-06-26","Male",1,5
694,"Deerdre","Pomphrett","1990-04-26","2023-08-26","Male",2,5
695,"Lucia","Farmery","1996-09-06","2022-05-06","Male",9,4
696,"Carlen","Clutten","1994-03-02","2023-12-07","Female",9,2
697,"Carlita","Di Boldi","1993-10-04","2023-06-23","Female",7,3
698,"Barrett","Skin","1995-07-23","2024-01-15","Male",8,1
699,"Nanci","Savile","1996-12-19","2023-03-26","Female",7,4
700,"Brady","Hyams","1995-12-29","2023-04-11","Female",8,5
701,"Trescha","Giraudoux","1993-11-04","2023-11-21","Female",6,2
702,"Shandee","Mathivet","1999-05-17","2022-07-23","Male",1,1
703,"Maryjo","Halgarth","1996-11-17","2022-07-28","Male",10,3
704,"Millicent","Maudlin","1999-03-21","2022-04-20","Male",7,3
705,"Stanford","Boulton","1991-03-29","2022-03-06","Female",8,1
706,"Diandra","Eddolls","1990-06-14","2023-08-26","Male",3,3
707,"Diena","Ryott","1998-05-30","2023-05-27","Male",10,2
708,"Lucita","O'Deegan","1997-10-14","2022-03-20","Male",5,4
709,"Brad","Soper","1992-06-09","2023-06-10","Male",4,2
710,"Natka","Jolliman","1996-04-24","2024-01-05","Female",2,3
711,"Ralf","Daout","1998-12-27","2022-10-06","Female",9,4
712,"Hedda","Waite","1999-01-03","2022-12-16","Male",10,1
713,"Minnnie","Dore","1993-11-22","2023-12-30","Male",9,5
714,"Irwin","Van Der Hoog","1991-01-28","2023-11-22","Male",5,3
715,"Ronni","McGhee","1999-08-25","2023-12-07","Male",3,4
716,"Elisha","Doll","1999-09-12","2022-09-04","Male",8,1
717,"Carlin","Beneix","1995-06-29","2022-05-11","Male",6,5
718,"Neile","Smartman","1991-06-28","2022-09-27","Female",1,4
719,"Elroy","Maloney","1996-04-24","2023-05-19","Male",7,4
720,"Rachele","Cullabine","1995-03-05","2023-08-17","Male",8,2
721,"Nate","Bignell","1990-04-06","2023-05-24","Male",5,3
722,"Thea","Vanyukhin","1997-05-18","2023-11-22","Male",7,4
723,"Cybil","MacScherie","1992-10-17","2023-12-10","Male",10,5
724,"Mersey","Paulmann","1993-11-27","2023-09-24","Male",6,1
725,"Olenka","Ordidge","1995-09-29","2023-05-19","Male",6,5
726,"Quinn","Dunnet","1991-08-03","2022-11-23","Female",10,1
727,"Vonni","Padilla","1991-01-01","2023-09-25","Male",9,1
728,"Pacorro","Kastel","1999-06-13","2022-11-02","Female",2,5
729,"Parnell","Dimmock","1998-12-14","2023-03-10","Male",8,5
730,"Rowney","Rechert","1990-06-30","2023-09-15","Male",5,5
731,"Neala","McKag","1992-06-15","2023-05-11","Female",3,4
732,"Janel","Dockrill","1999-09-13","2023-05-11","Male",5,5
733,"Jayme","Luna","1998-02-24","2022-11-12","Male",8,3
734,"Lancelot","Haskayne","1995-10-27","2023-12-07","Female",5,3
735,"Imojean","Grissett","1996-03-04","2023-04-06","Female",10,5
736,"Harcourt","Trevna","1999-05-16","2023-10-07","Female",8,1
737,"Delaney","MacMillan","1997-12-13","2023-07-02","Male",6,3
738,"Isahella","Gussie","1996-05-23","2022-04-22","Male",7,2
739,"Myrlene","Sego","1997-08-11","2022-10-31","Female",3,1
740,"Andreas","Proctor","1990-06-10","2023-05-01","Male",7,5
741,"Milo","Bedder","1997-06-26","2023-11-09","Male",1,3
742,"Delora","Cristofari","1996-06-16","2023-01-14","Male",9,1
743,"Crista","O'Sullivan","1990-07-25","2023-09-09","Male",10,3
744,"Ninetta","Sirl","1992-04-24","2022-08-01","Female",7,2
745,"Babbette","Popland","1992-05-21","2022-04-17","Male",1,5
746,"Kaitlyn","Ajsik","1994-05-16","2023-10-05","Male",2,4
747,"Templeton","Stathers","1993-11-10","2023-04-28","Female",4,3
748,"Lanae","Ordemann","1995-05-30","2022-08-10","Male",4,5
749,"Cyrille","Laurentino","1998-04-17","2024-01-09","Female",9,3
750,"Hyatt","Vlasin","1999-10-25","2022-03-17","Male",9,3
751,"Quintana","Witherup","1995-03-18","2024-01-07","Male",10,4
752,"Tonya","Chaucer","1995-11-02","2023-09-05","Male",7,4
753,"Suellen","Collis","1999-10-30","2022-03-18","Male",3,3
754,"Honoria","Bradnam","1998-07-11","2024-01-01","Female",6,5
755,"Elinor","Melloy","1998-08-19","2023-05-16","Female",9,3
756,"Gene","Clawe","1992-01-26","2022-09-06","Female",3,5
757,"Malissa","Bosse","1992-12-08","2023-02-26","Male",7,3
758,"Yanaton","Edleston","1993-11-16","2022-02-26","Male",1,2
759,"Birgit","Laurand","1994-12-30","2022-08-23","Male",5,5
760,"Judd","Nudd","1991-01-10","2023-01-15","Male",2,4
761,"Leupold","Heninghem","1999-03-14","2023-04-30","Male",3,4
762,"Sandye","Kibby","1998-03-25","2023-03-30","Male",2,1
763,"Helen-elizabeth","Petruk","1992-06-05","2022-10-03","Male",6,4
764,"Ingaborg","Strelitzer","1992-05-21","2022-06-18","Female",7,2
765,"Verla","Brashaw","1991-08-26","2023-07-26","Male",1,4
766,"Melany","Reeme","1990-10-23","2022-03-26","Male",2,5
767,"Turner","Tombling","1992-12-16","2023-09-05","Male",3,1
768,"Leone","Fourcade","1999-10-04","2023-11-09","Male",10,5
769,"Eugenius","Shillito","1996-01-08","2022-11-27","Female",2,2
770,"Avigdor","Howie","1999-12-09","2023-04-06","Male",6,5
771,"Hephzibah","Lugg","1990-07-31","2022-05-28","Female",6,4
772,"Frederic","Izkoveski","1998-04-14","2022-05-03","Male",10,1
773,"Guy","Hattiff","1999-05-22","2023-12-09","Male",9,2
774,"Alessandra","Bidder","1993-02-18","2023-11-03","Female",8,5
775,"Lexy","Ricardo","1992-12-04","2022-07-08","Male",7,5
776,"Flora","Skelhorn","1994-11-08","2023-03-28","Female",6,2
777,"Daryl","Teasdale-Markie","1998-11-16","2023-06-29","Male",8,4
778,"Jobey","Guttridge","1996-12-06","2023-04-29","Male",5,4
779,"Merle","Merriott","1990-09-27","2022-10-10","Female",3,2
780,"Ferdy","McPike","1992-05-12","2023-09-02","Female",2,1
781,"Joan","Hayhoe","1991-02-17","2022-10-30","Male",7,2
782,"Shirline","Domke","1991-12-16","2022-08-14","Female",7,2
783,"Deeyn","Joutapaitis","1999-09-01","2022-04-10","Female",1,4
784,"Myrta","Petcher","1990-12-15","2022-02-22","Female",5,4
785,"Murielle","Idenden","1990-04-28","2022-05-16","Male",1,5
786,"Mel","Gidney","1999-06-03","2022-04-22","Male",4,1
787,"Garrick","Applewhite","1990-12-28","2022-10-20","Female",8,3
788,"Sutherlan","Ornils","1992-04-20","2022-10-15","Female",2,2
789,"Ted","Sudworth","1991-03-11","2023-04-13","Male",1,4
790,"Bartholomeus","Corbet","1992-09-30","2023-10-13","Male",9,5
791,"De","Cradock","1991-07-18","2022-11-14","Female",5,2
792,"Rebe","Warnes","1997-05-08","2024-01-01","Male",7,3
793,"Jany","De-Ville","1999-04-29","2023-09-04","Male",9,4
794,"Louisette","Chrismas","1998-08-14","2023-08-07","Male",10,4
795,"Mile","Idel","1994-06-04","2023-02-15","Male",2,1
796,"Annemarie","Crimmins","1991-07-25","2022-09-14","Male",5,3
797,"Stormie","Gabriel","1996-04-03","2023-01-06","Male",7,3
798,"Madelle","Delagua","1997-01-22","2022-11-25","Male",3,2
799,"Rivkah","Little","1999-10-14","2022-11-05","Male",1,1
800,"Fabien","Leguay","1997-05-19","2022-11-15","Male",10,3
801,"Bronson","Lippatt","1991-02-05","2022-05-19","Male",8,2
802,"Carmine","Naisby","1991-01-05","2022-08-11","Female",1,4
803,"Dorthea","Nicklinson","1991-03-06","2023-10-04","Male",3,5
804,"Felizio","Ramelet","1991-02-02","2023-11-13","Male",8,4
805,"Tamar","Crinidge","1997-03-03","2022-10-13","Male",4,5
806,"Cherin","Bateson","1997-07-26","2023-08-18","Male",6,1
807,"Cecilio","Jencken","1995-08-16","2022-08-20","Male",7,5
808,"Lorrin","Klimkiewich","1992-03-08","2023-07-29","Male",3,5
809,"Gaspar","Birkwood","1993-12-04","2022-06-16","Female",8,4
810,"Zsazsa","Borer","1998-01-21","2022-06-23","Female",6,1
811,"Sergeant","Ccomini","1992-09-26","2022-02-13","Male",7,4
812,"Arliene","Brecknall","1991-04-11","2022-02-26","Male",9,2
813,"Bari","Steel","1991-05-23","2022-04-17","Male",4,2
814,"Gian","Gonnard","1994-05-11","2024-01-24","Male",2,1
815,"Britte","Pimme","1991-12-18","2023-12-31","Female",7,2
816,"Dasya","Carrel","1997-06-01","2022-07-21","Male",6,2
817,"Zaccaria","Drinnan","1992-03-20","2023-04-05","Female",6,1
818,"Kinny","Quemby","1995-03-01","2023-07-31","Male",3,1
819,"Si","Archell","1999-05-17","2023-10-09","Male",8,5
820,"Alessandro","Pritchard","1995-10-04","2022-12-22","Male",9,3
821,"Townsend","Commucci","1990-03-10","2023-08-01","Female",2,1
822,"Nyssa","Shillabear","1991-09-10","2022-12-23","Female",7,4
823,"Arni","Drewry","1995-03-02","2023-05-24","Male",1,3
824,"Caralie","Fearby","1995-02-12","2022-09-14","Male",8,1
825,"Inigo","Sherebrooke","1995-12-14","2022-06-25","Male",5,5
826,"Kayla","Annett","1990-08-11","2023-02-10","Male",5,1
827,"Kincaid","Gergher","1991-12-18","2022-12-31","Male",8,4
828,"Trescha","Gianullo","1991-09-27","2023-11-30","Male",5,2
829,"Claus","Orringe","1997-12-13","2023-07-24","Male",7,3
830,"Gwennie","Djakovic","1991-09-10","2022-05-07","Female",9,4
831,"Ashlan","Goucher","1991-12-29","2022-07-02","Female",2,2
832,"Marni","Levensky","1997-02-19","2022-04-09","Female",1,3
833,"Stanfield","Eirwin","1992-05-26","2023-01-08","Female",2,4
834,"Ulrica","Gunthorp","1999-06-16","2023-10-22","Male",10,1
835,"Gene","Rimbault","1994-09-08","2022-08-28","Male",9,4
836,"Gwenneth","Pigden","1999-05-23","2023-01-18","Male",1,5
837,"Carleton","Baser","1995-06-18","2023-02-05","Male",5,1
838,"Tanitansy","Goracci","1990-07-04","2022-10-05","Male",4,1
839,"Paolo","Ferryn","1998-06-26","2022-10-19","Male",10,2
840,"Inglis","Pettigree","1993-01-09","2022-11-24","Male",2,1
841,"Neddy","Corfield","1992-07-21","2023-03-07","Male",9,4
842,"Giana","Erskine Sandys","1996-03-04","2023-01-06","Male",1,5
843,"Sylvester","Wingrove","1998-01-10","2022-11-23","Male",2,3
844,"Alair","Coke","1994-04-07","2023-04-01","Male",7,3
845,"Xymenes","Raise","1997-10-05","2024-01-04","Male",10,4
846,"Phillis","Loughhead","1999-08-06","2024-01-11","Male",7,4
847,"Roddy","Yantsurev","2000-01-22","2022-03-27","Female",6,5
848,"Lenci","Buckenhill","1997-08-08","2023-04-04","Female",2,1
849,"Inesita","Pallent","1994-01-17","2022-12-31","Female",6,2
850,"Hermann","Tomaini","1994-09-02","2023-01-14","Male",9,5
851,"Pascale","Eustice","1998-09-21","2023-05-28","Female",1,1
852,"Egan","Norker","1990-02-14","2023-10-03","Male",9,2
853,"Gerri","Mariot","1999-06-02","2022-05-03","Male",5,3
854,"Sile","Dict","1990-12-26","2023-07-31","Female",8,1
855,"Clem","Cribbott","1991-05-15","2022-08-31","Male",6,4
856,"Augustine","Tripon","1991-01-13","2023-04-16","Male",4,1
857,"Gwenora","Delort","1997-11-30","2023-04-30","Female",9,3
858,"Murdoch","Vasilevich","1999-02-05","2022-09-18","Female",1,1
859,"James","Balhatchet","1998-02-11","2022-08-22","Male",8,5
860,"Meryl","Medling","1999-04-03","2023-05-13","Female",4,4
861,"Datha","Lefeuvre","1998-07-23","2023-12-01","Female",9,5
862,"Madalyn","Theobalds","1996-01-03","2022-06-28","Female",6,2
863,"Hailey","Olenchikov","1998-01-23","2022-06-05","Male",8,5
864,"Montgomery","Mackie","1999-12-10","2023-11-09","Female",8,4
865,"Gale","Delle","1996-04-27","2023-08-18","Male",7,5
866,"Ora","Cow","1998-05-05","2022-05-29","Female",5,2
867,"Gisella","Chadderton","1990-05-15","2023-01-13","Female",8,2
868,"Duffy","Oxton","1992-12-10","2022-09-11","Male",3,5
869,"Dennison","Sillick","1995-10-27","2022-02-28","Male",3,2
870,"Krystalle","Beccero","1995-02-22","2023-05-03","Male",1,3
871,"Susannah","Ashford","1994-02-07","2023-06-25","Female",3,1
872,"Lilyan","Lawrenson","1997-08-24","2022-05-14","Male",5,5
873,"Ava","Grindall","1991-02-10","2022-12-05","Male",4,2
874,"Jeri","Hirtzmann","1993-04-08","2022-05-15","Male",10,2
875,"Elisha","Townsend","2000-01-10","2023-08-03","Female",3,1
876,"Melli","Grigoryev","1996-05-07","2022-11-08","Female",5,1
877,"Sara-ann","Jancso","1994-05-17","2024-01-24","Male",9,4
878,"Alec","Lithcow","1992-11-26","2022-11-18","Female",5,4
879,"Gerry","Kubala","1998-01-28","2023-05-30","Female",5,3
880,"Esra","Gregan","1999-11-23","2023-12-14","Male",5,3
881,"Gunter","Geraudel","1992-12-10","2023-06-28","Male",6,3
882,"Becca","Ashley","1991-02-19","2022-02-10","Male",1,3
883,"Lizette","Blasing","1990-12-01","2023-03-02","Male",1,2
884,"Corabella","Spier","1999-11-23","2023-05-08","Male",1,3
885,"Jewelle","Carrington","1994-05-05","2023-01-28","Female",9,1
886,"Glennis","Tittletross","1992-05-02","2023-01-19","Female",7,1
887,"Giffy","Davidy","1990-09-21","2023-08-22","Female",3,1
888,"Gertrude","Bortolozzi","1996-10-15","2023-10-10","Male",3,3
889,"Chiquia","Seymark","1997-06-30","2022-10-13","Male",2,1
890,"Daphene","Coleshill","1996-06-07","2022-10-22","Male",7,5
891,"Brendin","Deschelle","1992-09-17","2023-01-24","Female",10,1
892,"Rod","Bottomer","1993-04-24","2023-07-08","Male",6,3
893,"Ardelis","Siehard","1993-06-08","2022-03-21","Male",8,1
894,"Saree","Trymme","1995-03-15","2023-02-22","Female",6,1
895,"Dita","Dorrian","1999-01-26","2023-09-29","Male",6,2
896,"Dorian","Lownie","1993-09-02","2023-05-22","Male",8,1
897,"Michal","Cotes","1997-04-06","2024-01-13","Female",1,3
898,"Mireielle","Gussin","1990-09-30","2023-12-21","Male",4,5
899,"Abbey","Allonby","1992-10-30","2023-10-13","Female",6,4
900,"Barney","Eplate","1998-09-01","2023-11-15","Female",8,3
901,"Jemima","Weeks","1991-04-30","2022-08-07","Male",9,3
902,"Janetta","Burnet","1995-12-04","2023-03-17","Male",3,2
903,"Inger","Hellicar","1996-05-24","2022-11-05","Female",8,1
904,"Terrance","Orange","2000-02-09","2023-11-10","Male",2,4
905,"Kahaleel","Letertre","1993-10-31","2023-09-11","Male",1,2
906,"Rolph","Whiteford","1996-02-27","2022-12-15","Male",2,5
907,"Rayner","Isard","1995-05-24","2022-03-09","Male",3,4
908,"Mattie","Dugmore","1998-06-06","2023-04-13","Male",3,5
909,"Duky","Orr","1995-06-22","2023-12-21","Male",5,3
910,"Amalee","Moorerud","1990-09-09","2022-07-10","Male",5,2
911,"Arnuad","Leathes","1992-09-28","2023-11-27","Male",1,3
912,"Colette","Blazi","1991-03-05","2022-03-29","Female",10,3
913,"Micheal","Vasyutochkin","1991-07-21","2023-12-15","Male",9,1
914,"Gun","Abramovicz","1995-11-11","2023-12-23","Male",6,1
915,"Gardener","Hought","1993-11-20","2022-06-17","Male",5,2
916,"Ebba","Iacoviello","1993-09-28","2022-04-15","Male",4,2
917,"Sashenka","Brandt","1997-07-18","2022-02-26","Male",8,3
918,"Sofia","Garces","1990-11-03","2023-10-31","Female",10,2
919,"Rosalynd","Spier","1991-03-30","2023-03-05","Male",10,4
920,"Starlene","Tween","1993-09-13","2024-01-09","Male",7,2
921,"Andrea","Jeffreys","1992-03-24","2023-03-18","Male",7,1
922,"Thadeus","Gallico","1993-09-13","2023-10-19","Male",6,3
923,"Michaeline","Balint","1997-06-23","2023-04-29","Male",6,2
924,"Brittni","Skelding","1993-12-21","2023-10-21","Male",9,2
925,"Sigismundo","Hymus","1999-10-23","2023-08-12","Male",3,5
926,"Helge","Chanson","1994-07-31","2023-04-21","Male",7,1
927,"Winfield","O'Carmody","1993-12-19","2023-10-19","Female",1,4
928,"Roberta","Siddens","1994-06-08","2023-03-26","Male",3,1
929,"Miltie","Spennock","1996-06-05","2023-12-05","Male",5,1
930,"Silvia","Hankins","1992-10-18","2023-02-10","Male",2,1
931,"Gloriane","Nockolds","1993-10-02","2022-04-17","Male",10,5
932,"Romonda","Beneze","1997-09-07","2022-09-12","Male",8,2
933,"Pandora","Inkpin","1996-02-24","2022-09-11","Female",4,5
934,"Bertie","Caltera","1990-10-02","2022-10-10","Male",10,2
935,"Meggie","Cockarill","1991-01-01","2023-12-16","Female",10,4
936,"Jeffy","Wehnerr","1993-04-24","2022-06-02","Female",1,2
937,"Nana","Kobieriecki","1998-02-07","2023-12-01","Male",3,4
938,"Adore","Ferreira","1992-10-21","2023-06-05","Female",10,3
939,"Margit","Rodrigues","1997-09-05","2023-06-08","Female",10,1
940,"Juliette","Klezmski","1991-01-15","2022-07-01","Female",9,1
941,"Aile","Tsar","1997-12-18","2023-11-01","Female",8,5
942,"Darrick","Domenget","1991-11-07","2022-12-20","Female",8,1
943,"Brietta","Stace","1996-12-03","2023-07-04","Male",8,1
944,"Buck","Adrain","2000-01-04","2023-06-11","Male",4,2
945,"Claudia","Manchett","1994-06-29","2023-03-30","Male",2,2
946,"Aluino","Flaxman","1994-01-31","2022-09-19","Male",3,3
947,"Missy","Brazenor","1996-09-04","2023-02-13","Male",5,1
948,"Kassie","Mathieu","1996-07-04","2022-06-13","Female",2,3
949,"Elfrieda","Bettley","1996-03-09","2023-09-19","Male",3,1
950,"Eadie","Matysik","1996-02-21","2023-09-19","Male",2,5
951,"Audry","Turland","1992-01-18","2022-06-27","Male",2,1
952,"Patrizius","Godsafe","1997-11-15","2022-10-13","Male",5,1
953,"Jaclin","Coniam","1999-08-09","2022-05-29","Male",5,2
954,"Vitoria","Kealey","1997-03-11","2022-09-03","Female",7,3
955,"Rosalinde","Clandillon","1994-01-13","2022-12-11","Male",2,3
956,"Vanda","Goranov","1995-01-04","2022-12-26","Male",2,3
957,"Simon","Salliere","1990-08-02","2023-06-07","Male",9,5
958,"Conrado","Lupson","1994-09-28","2022-05-26","Male",6,2
959,"Margret","Groarty","1995-12-04","2023-07-15","Male",7,4
960,"Gerhard","Ettles","1990-04-02","2023-01-31","Male",1,1
961,"Gwendolin","Coull","1995-06-01","2022-06-26","Male",5,5
962,"Maxie","Hackworthy","1996-07-27","2022-10-29","Male",10,3
963,"Pepita","Allewell","1991-01-08","2022-12-24","Male",4,1
964,"Analise","Luby","1995-05-29","2023-11-03","Male",8,5
965,"Granny","Eggleton","1992-01-07","2022-10-05","Male",7,4
966,"Victoria","Draisey","1998-10-21","2022-10-03","Female",5,5
967,"Caddric","Conner","1994-05-18","2023-09-28","Female",9,2
968,"Conny","Brimble","1996-12-12","2023-08-22","Female",5,4
969,"Kristine","Collen","1990-09-14","2022-08-28","Female",1,2
970,"Shirlee","Weekly","1999-12-21","2023-12-02","Male",9,3
971,"Sharia","Hammerton","1996-10-16","2023-10-07","Male",4,5
972,"Marylou","Delicate","1991-03-05","2022-10-02","Male",1,5
973,"Armstrong","Gossington","1994-05-16","2024-01-01","Male",4,3
974,"Welbie","Bauser","1991-10-23","2024-01-25","Male",1,3
975,"Darline","Southwood","1998-07-21","2023-12-07","Male",8,2
976,"Hilda","Keenlayside","1995-09-03","2022-03-29","Male",10,3
977,"Tuesday","Coxwell","1999-01-20","2022-09-17","Male",7,1
978,"Granthem","Chidwick","1999-02-28","2022-05-16","Female",9,1
979,"Basilius","Guidera","1998-01-01","2023-09-23","Female",1,3
980,"Dermot","Leighton","1997-04-14","2022-12-17","Female",1,1
981,"Shirley","Peppard","1993-05-02","2023-01-10","Male",10,5
982,"Elle","Lighten","1994-03-03","2022-10-14","Female",4,1
983,"Betty","Eat","1998-11-15","2023-07-10","Male",8,2
984,"Ailyn","O'Luney","1997-11-29","2024-01-09","Female",6,4
985,"Thurston","Prevost","1995-06-01","2023-06-03","Female",10,5
986,"Terrijo","Rozier","1993-03-31","2023-03-24","Female",9,2
987,"Camey","Neeves","1992-11-13","2022-08-13","Male",8,5
988,"Berthe","McInally","1996-03-26","2023-05-01","Male",2,3
989,"Dewie","Messager","1990-03-11","2022-06-23","Female",1,2
990,"Ferrel","Robey","1997-09-28","2023-10-09","Female",1,5
991,"Randolf","Ivashkin","1996-10-25","2023-02-25","Male",4,5
992,"Benoit","Lawson","1992-09-17","2023-12-06","Male",3,3
993,"Morganne","Mollen","1996-09-29","2023-06-19","Male",10,4
994,"Harlene","Stansbury","1997-08-19","2022-03-15","Female",5,1
995,"Calli","Chmarny","1994-09-25","2022-05-24","Male",9,3
996,"Benjie","Ballendine","1992-02-18","2024-01-24","Male",10,2
997,"Craggie","Robson","1993-02-24","2022-11-13","Female",9,5
998,"Della","Demaine","1999-10-16","2023-03-27","Male",7,5
999,"Bria","Call","1992-09-09","2023-02-24","Male",8,2
1000,"Guenna","Dufall","1995-10-27","2023-03-31","Male",3,5
